name,value
c_NMd_Mdout,0.0009928902800639859
c_QSCN,5.268101710552481e-06
c_QSCMd,0.000207812358236624
c_ASCM2,0.008294741228937162
c_ASCpro,4.174368414393768e-05
c_ASCdiff,0.00723955388735282
c_ASCout,0.00015780826335153375
c_Mcout,3.788340514557144e-06
c_Mcfusion,4.010512342361368
c_QSCself,0.09630185383320447
c_Mnself,9.392414049246936e-05
QSCmax,2600.4064266339437
